context,link,title
,<200 https://blog.naver.com/PostView.nhn?blogId=wlwlfgl&logNo=222028586147&from=search&redirect=Log&widgetTypeCall=true&topReferer=https%3A%2F%2Fsearch.naver.com%2Fsearch.naver%3Fdate_from%3D20200712%26date_option%3D8%26date_to%3D20200712%26dup_remove%3D1%26nso%3Dp%3Afrom20200712to20200712%26post_blogurl%3D%26post_blogurl_without%3D%25ED%2586%25B5%25EC%2598%2581%2B%25EB%25A7%259B%25EC%25A7%2591-%25EC%259E%25A5%25EB%25A1%2580%25EC%258B%259D%25EC%259E%25A5%26query%3D%25ED%2586%25B5%25EC%2598%2581%2B%25EB%25A7%259B%25EC%25A7%2591%26sm%3Dtab_pge%26srchby%3Dall%26st%3Dsim%26where%3Dpost%26start%3D11&directAccess=True>,[용원맛집]통영다찌
"대전 유성구에 2020년 상반기에 생긴 음식점 상가 현황입니다.,유성구에서 음식점 창업을 계획중이신분들은 참고하시기 바랍니다., ,가게명,주소,해성푸드시스템, 가정동 138번지 지상6층 ,맛담, 가정동 161번지  ,에트리에 카페, 가정동 161번지 6동 지상1층 ,한국전자통신연구원신협(한식), 가정동 161번지 지상 1층 ,한국전자통신연구원신협(양식), 가정동 161번지 지하 1층 ,(주)에스피씨지에프에스한국연구재단직원식당, 가정동 180번지 1호 한국연구재단 나동 ,블루포트한국지질자원연구원점, 가정동 30번지 한국지질자원연구원 녹색기술연구동 부속동 ,주)아워홈LG유플러스연구원점, 가정동 34번지  ,더마루, 갑동 327번지 19호 지하1,지상1.2층 ,오스트리아빈, 갑동 388번지 83호  ,화개마을, 갑동 391번지 5호 지상1층 ,벙커빈, 갑동 394번지 9호 지상1층 ,아레쪼, 갑동 400번지 12호 지상1,2층 ,도화원, 계산동 305번지 1호 지상1층 ,대왕산삼갈비탕, 계산동 352번지 1호 두리투, 지상2층 ,춘하에스프레소 본점, 계산동 352번지 26호 두리원 ,세븐일레븐 대전리빙포레점, 계산동 722번지 오투그란데리빙포레아파트 315동 106,107호,맘블레, 계산동 723번지 2호  ,수미현반찬, 계산동 736번지 4호  ,와이힐링푸드앤카페, 계산동 741번지 2호 지상1층 ,삼순이뼈해장국, 계산동 744번지 1호 지상1층 ,돈이빵빵, 계산동 802번지 10호 지상1층 ,유진이네, 계산동 804번지 1호 유진아트빌, 지상1층 ,인생애짬뽕, 계산동 805번지 10호  ,만당채, 관평동 1011번지 지상1층 ,신전떡볶이(관평점), 관평동 1022번지 지상1층 ,세븐일레븐 대전관평중앙점, 관평동 1030번지 지상1층 ,포차야, 관평동 1033번지 지상1층 ,주식회사 엘푸드식품(나베코이), 관평동 1035번지 지상1층 ,이차돌(대전관평점), 관평동 1042번지 지상1층 ,양, 관평동 1072번지 지상1층 ,먹새통 관평점, 관평동 1088번지 지상1층 ,참닭, 관평동 1099번지 지상1층 ,평균이상, 관평동 1105번지 지상1층 ,대동집대전관평점, 관평동 1108번지 1층 ,엔틱위스키, 관평동 1109번지  ,시골길 관평점, 관평동 1144번지  ,정통집(관평점), 관평동 1150번지 지상1층 ,유진명가, 관평동 1173번지 지상1층 ,어명이요 관평점, 관평동 1174번지 지상1층 ,관평식당, 관평동 1179번지  ,춘향골추어탕, 관평동 1182번지 지상1층 ,다조은생고기, 관평동 1194번지 지상1층 ,진미차이나, 관평동 1204번지  ,한스닭갈비, 관평동 1253번지 지상1층 ,만월, 관평동 1254번지 지상1층 ,보쌈제복, 관평동 1262번지  ,일차전, 관평동 1266번지  ,지에스25(GS25) 관평세이점, 관평동 1343번지 144,145호 ,수육국밥앤보쌈, 관평동 1359번지 지상1층 142~145호 ,(주)아이비한신에스메카카페테리아, 관평동 1359번지 한신에스-메카아파트형공장 B145 ,렌토, 관평동 562번지 2호  ,부산할매수육국밥냉면, 관평동 684번지  ,카페라온, 관평동 684번지 1층 근생113호,주식회사한빛에프앤비, 관평동 684번지 지상7층 A712호 ,비즈푸드, 관평동 684번지 지하1층 근생101호 ,본푸드서비스(주) 본우리집밥 한전원자력연료 티에스에이점, 관평동 688번지  ,성경만두요리전문점, 관평동 749번지  ,제시, 관평동 773번지 지상3층 ,맛소야, 관평동 774번지 우림빌딩 101호,표가네명품순두부, 관평동 783번지 107~110호 ,맥주바켓, 관평동 813번지  ,신촌설렁탕 테크노점, 관평동 814번지 지상1층 101호,베이커리팩토리 대덕점, 관평동 887번지 롯데마트대덕점 1층 E-1호,참새방앗간, 관평동 887번지 지상1층 T-10호 ,전주향, 관평동 887번지 지상1층 T-8호 ,케이크온, 관평동 890번지 더리치타운 ,꽈배기아저씨, 관평동 907번지 밸리타운 105호,홍루이젠관평점, 관평동 907번지 밸리타운 106호,우주라이크커피 대전관평점, 관평동 909번지 지상1층 103호 ,공차(대전관평점), 관평동 919번지  103호,마녀떡볶이, 관평동 922번지 창조타운지상1층 102호 ,담다베이글 관평점, 관평동 928번지 지상1층 110호 ,세븐일레븐유성디티비안에스점, 관평동 940번지 1층 A110호,보리네생고깃간, 관평동 943번지 1층 102,103,104호 ,푸라닭대전관평점, 관평동 943번지 1층 111,112,113호 ,세븐일레븐 대덕테크노점, 관평동 947번지 새롬빌딩 지상1층 103호,바이젠하우스 관평점, 관평동 951번지 지상2층 ,이게피씨방이다, 관평동 953번지  ,고반식당 대전관평점, 관평동 953번지 지상1층 101,102호 ,부용정소불고기, 관평동 953번지 지상2층 ,916부엌, 관평동 960번지 대덕신대륙프라자 지상1층 108,109호 ,가로등있는식당, 관평동 960번지 대덕신대륙프라자, 지상1층 107호,크라우드피씨관평점, 관평동 964번지  ,대손관, 관평동 964번지 지상1층 101~104호 ,히노아이, 관평동 972번지 지상1층 ,크라운호프 관평점, 관평동 977번지 지상1층 ,알리바바, 관평동 984번지 지상1층 ,오씨민물새우얼큰이칼국수, 교촌동 626번지 3호 지상1층 ,파파전기구이통닭, 교촌동 636번지 7호  ,이모네, 구룡동 73번지 6호  ,(주) 아워홈카페그랑카이스트점, 구성동 23번지 외10필지 지상1층 C-5 학생회관 A호,카페드림 카이스트 기계공학동점, 구성동 23번지 카이스트내 기계공학동 1층 ,천안흑염소, 구암동 222번지 3호 지상1층 ,물듦, 구암동 544번지 13호  ,흥부전, 구암동 544번지 15호  ,씨유대전구암점, 구암동 587번지 8호  ,유성행복을볶는집, 구암동 591번지 8호  ,한끼밥상, 구암동 592번지 17호  ,마루혼밥, 구암동 593번지 20호  ,피자플래넷, 구암동 594번지 16호 지상1층 ,봉명동내커피, 구암동 594번지 3호  ,착한두부마을, 구암동 594번지 6호  ,인터뷰맨션, 구암동 595번지 15호 지상1층 ,백돈, 구암동 595번지 18호  ,스위트푸드, 구암동 597번지 25호 지상1층 101호,제이제이푸드, 구암동 598번지 24호 지상 1층 ,오르새피자 유성점, 구암동 600번지 4호  ,미성식당, 구암동 600번지 8호 미성하이츠빌라 A동 101호,유은함박유성점, 구암동 608번지 27호 꿈꾸는세상 ,인상피자 대전직영점, 구암동 608번지 27호 지상1층 ,돈도니석쇠한판불고기유성점, 구암동 615번지 22호 지상1층 ,최강아구찜본점, 구암동 616번지 26호 B동 지상1층 ,교동면옥 대전구암점, 구암동 620번지 5호 지상2층 ,대추나무카페, 구암동 671번지 2호 퍼스트클래스 지상1층 ,세븐일레븐 대전현충원로점, 구암동 671번지 5호 지상1층 ,주식회사옛날숯불갈비, 구암동 674번지 4호 지상1층 ,충남대학교소비자생활협동조합, 궁동 220번지 53호 충남대학교 제2후생관 ,카페99번가국제언어교육원, 궁동 220번지 국제교류관 1층 ,카페99번지, 궁동 220번지 생활과학대학 지상1층 ,카페구구스트리트(생협1호점), 궁동 220번지 외39필지 충남대학교 제1학생회관 지상1층 ,카페99번가거리, 궁동 220번지 외41필지 중앙도서관 ,영탑1호점, 궁동 220번지 제1학생회관 W-8-2 ,카페99번가(취업지원회관), 궁동 220번지 제2학생회관 1층 ,영탑, 궁동 220번지 제4학생관 ,충남대학교 소비자생활협동조합, 궁동 220번지 충남대학교 생활과학대학 지상1층 ,충남대학교소비자생활협동조합, 궁동 220번지 충남대학교 제3후생관 ,이마트24 충남대학교점, 궁동 220번지 충남대학교 제8학생기숙사동 지하1층 ,카페99번가영탑홀, 궁동 220번지 충남대학교, 제3후생관, 지상1층 ,블랙슈트, 궁동 400번지 13호 지상2층 ,에그드랍충남대점, 궁동 400번지 4호 지상1층 ,투더돼지, 궁동 406번지 17호 지상1층 ,더써니스트, 궁동 408번지 11호 지상1층 ,휴랩, 궁동 408번지 9호  ,세븐일레븐 유성궁동점, 궁동 409번지 4호 지상1층 ,궁스부대찌개엔드오븐마루치킨, 궁동 409번지 4호 킹스크로소빌딩 ,마마포차, 궁동 409번지 9호 지상4층 ,금화맛집, 궁동 410번지 11호 지상2층 ,슈만과클라라, 궁동 410번지 12호 3층 ,육층포차, 궁동 410번지 13호  601호,아이센스리그피씨방대전궁동점, 궁동 410번지 1호  ,라이또PC 충남대점, 궁동 410번지 3호  1동 ,어그먼트세븐, 궁동 410번지 3호 지상6층 ,아저씨, 궁동 410번지 4호  ,아지트, 궁동 410번지 9호 지상2층 ,뉴트로이즈백, 궁동 411번지 4호  ,버거베어 충남대점, 궁동 412번지 16호  ,바른카레, 궁동 413번지 1호 지상1층 ,오픈스페이스, 궁동 413번지 1호 지상2층 ,영화로운, 궁동 417번지 1호 지상1층 ,글로리데이즈, 궁동 418번지 3호 지상1층 ,셀프케익하루, 궁동 424번지 1호 지상2층 ,대복삼겹 궁동점, 궁동 425번지 10호  ,히사시부리, 궁동 425번지 16호 지상2층 ,오후두시, 궁동 427번지 6호 지상1층 ,떡볶이퍼주는판다, 궁동 429번지 3호 지상1층 ,스튜디오451, 궁동 451번지 4호  ,피자베이, 궁동 457번지 11호 지상1층 ,놀부보쌈쫄면주는삼겹본능, 궁동 457번지 1호  ,미미당햇버거, 궁동 458번지 14호 지상1층 ,고궁한식비빔밥, 궁동 460번지 12호 지상1층 ,투존치킨, 궁동 461번지 15호  ,새숨트리, 궁동 462번지 12호  ,예플라원, 궁동 462번지 5호 지상1층 ,이태리스푼, 궁동 462번지 8호 지상1층 ,원조집 대전유성점, 궁동 462번지 9호  ,매우당, 궁동 465번지 11호  ,혼밥대왕(궁동점), 궁동 465번지 13호 지상1층 ,모미가김치찌개, 궁동 465번지 17호 지상1층 101호,강정구의 피자생각 유성점, 궁동 468번지 15호  ,사대천왕, 궁동 468번지 16호  ,목련이야기카페, 궁동 468번지 7호 지상1층 ,오온브런치, 궁동 471번지 14호 지상1층 ,세븐일레븐 유성장대인산점, 궁동 471번지 14호 지상1층 ,이디야커피 충대정문점, 궁동 479번지 11호 지상1층 ,하프레스트, 궁동 482번지 5호  ,카페빈, 궁동 486번지 4호 지상1층 ,한국피자헛 대전노은점, 노은동 491번지 1호  ,겟썸비타민씨, 노은동 506번지 1호 지상1층 ,쉼터, 노은동 515번지 9호 지상1층 ,세븐일레븐 대전새미래점, 노은동 520번지 1호 상가동 지상1층 105호 ,솔미당, 노은동 522번지 2호 열매마을 10단지아파트 ,아이리스, 노은동 535번지 25호 지상1층 ,원갈치조림, 노은동 535번지 26호  ,두메산골흑염소, 노은동 535번지 27호 지상1층 101호,한잔호프, 노은동 535번지 30호  ,카페인중독대전유성점, 노은동 542번지 10호  ,카페코나, 노은동 550번지 2호 지상1층 ,광천손칼국수, 노은동 553번지 6호 베르디아망 지상1층 102, 103호 ,지우주점, 노은동 553번지 8호 노은스타돔아파트 116호,세븐일레븐 대전노은스타점, 노은동 555번지 6호 지상1층 ,산호초, 노은동 556번지 7호  ,노은각(노은점), 노은동 559번지 12호 지상1층 ,어머나고기반찬, 노은동 559번지 1호  ,주)사계절푸드, 노은동 567번지 3호  ,독립로식당, 노은동 567번지 3호 지하1층 ,한식뷔페, 대정동 249번지 1호 가동 지상1층 ,몽블랑제 서대전점, 대정동 303번지 1호 홈플러스대전대정동 H-6호,몽블랑제 서대전점행사매대, 대정동 303번지 1호 홈플러스서대전점 지상1층 P-6호 ,청년다방대전모다점, 대정동 303번지 2호 모다아울렛 ,더봄, 대정동 309번지 6호 지상1층 ,수통골오리불고기전문점, 덕명동 171번지 62호 지상 1층 ,카페이층, 덕명동 174번지 11호 지상1,2층 ,단미, 덕명동 180번지 1호  ,카페 데일리(수통골점), 덕명동 182번지 6호 2동 지상1,2층 ,마하, 덕명동 218번지 1호 지상1,2층 ,마하, 덕명동 218번지 지상1,2,3층 ,커피위켄드, 덕명동 501번지 10호  ,희카페, 덕명동 546번지 3호  ,알짱 한밭대점, 덕명동 587번지 11호 지상2층 ,서라운드, 덕명동 589번지 2호 지상1층 ,하루, 덕명동 589번지 8호  104호,제이펍, 덕명동 589번지 9호 지상1층 ,카페니치, 덕명동 591번지 1호  ,교촌치킨 한밭대점, 덕명동 592번지 6호  ,처갓집양념치킨한밭대점, 덕명동 599번지 5호 지상1층 101호,굽네치킨대전학하지구점, 덕명동 600번지 12호  ,컵오브커피덕명동점, 덕명동 600번지 13호 한라빌, 지상1층 ,삼겹맨숀, 덕명동 600번지 5호  ,배스킨라빈스 대전학하, 덕명동 601번지 11호  ,수미현꼬마김밥, 덕명동 601번지 4호 지상1층 ,모모멘 한밭대점, 덕명동 603번지 8호 지상1층 ,카페솔롱고스, 덕명동 607번지 한밭대학교 BTL여자생활관 지상1층 ,라떼숲, 덕명동 609번지 1호  ,주)풀무원푸드앤컬처 한국원자력연구원, 덕진동 150번지 1호 A-30(본관동) 지상1,2층 ,본푸드서비스(주) 본우리집밥 한전원자력연료 한마음관점, 덕진동 493번지  ,어썸라운지, 도룡동 383번지 25호 지상1층 ,이우철한방누룽지삼계탕, 도룡동 385번지 10호 지상1층 ,진분식, 도룡동 399번지 8호 대덕첨단산업유통 B82,B83호 ,주식회사 금수레한정식, 도룡동 399번지 8호 지하1층 B51,B52호 ,진숙국수나라, 도룡동 399번지 8호 지하1층 B65,B66호 ,진숙김밥집, 도룡동 399번지 8호 지하1층 B67,B68호 ,금돼지한식뷔페, 도룡동 399번지 8호 지하1층 B72~B78호 ,계룡산업(주)대전컨벤션식당, 도룡동 3번지 8호  A동 ,(주)아워홈 사이언스빌리지대전점, 도룡동 441번지 지하1층 ,더빛나, 도룡동 4번지 18호 (주)대전방송 ,롯데시티 에메랄드2, 도룡동 4번지 19호 대전컨벤션센터 ,김피라대전조이마루, 도룡동 4번지 20호 골프존대전사옥 지상1층 104호,(주)후니드 골프존타워 대전점, 도룡동 4번지 20호 골프존대전사옥, 지하1층 ,반석피자, 도룡동 4번지 20호 지상1층 ,호텔아이시시, 도룡동 4번지 29호 지상2층 ,막대감, 도룡동 4번지 30호 도룡kcc웰츠타워 지상1층 19호,청담에일, 도룡동 4번지 30호 도룡kcc웰츠타워 지상1층 20,21,22,23호 ,크리스탈볼룸, 도룡동 4번지 30호 지상1층 ,김밥, 도룡동 4번지 6호 스마트시티 상가205동 115호,김밥나라 스마트시티점, 도룡동 4번지 7호 스마트시티상가 505동 105호,지에스더프레시, 도룡동 4번지 8호 지상1층 114,117호 ,트릴로지, 도룡동 4번지 9호  B201-호,브롱스대전도룡점, 도룡동 4번지 9호 2층 A201호,오늘도샤브, 도룡동 4번지 9호 2층 A203호,카페마음(CafeMaum), 도룡동 4번지 9호 2층 D210호,사찌, 도룡동 4번지 9호 2층 H201,H202,H203호 ,비비큐 대전스마트시티점, 도룡동 4번지 9호 F117,118,119호 ,너티차일드 대전점, 도룡동 4번지 9호 G201-7, G201-8호 ,김형제고기의철학 대전엑스포점, 도룡동 4번지 9호 지상1층 B113~B115호 ,오씨칼국수, 도룡동 4번지 9호 지상1층 E103~E105호 ,비전세미콘(주) 둔곡지점, 둔곡동 175번지 1호 지상1층 ,서한식당, 둔곡동 257번지 11호 1층 2동 ,(주)아워홈 쎄트렉아이대전점, 문지동 103번지 1호 쎄트렉아이 문지연구소 2동 ,(주)아워홈 엘지화학그랑, 문지동 104번지 1호  ,(주)아워홈 LG화학기술원점, 문지동 104번지 1호 LG화학기술연구원, 지하1층, 지상1층 ,등푸른생선구이, 문지동 634번지 1호 지상1층 ,치락골순대, 문지동 635번지 7호  ,교촌치킨 전민점, 문지동 635번지 8호 지상1층 101호,정통춘천닭갈비, 문지동 637번지 6호  ,공주칼국수쭈꾸미구이문지점, 문지동 639번지 1호  ,라라, 문지동 642번지 8호  ,끼니, 문지동 650번지 5호 지상1층 ,아이엠일리터 문지점, 문지동 650번지 6호 지상1층 ,가효, 문지동 651번지 10호 지상1층 ,모던챠이, 문지동 652번지 2호 지상1층 ,본가왕뼈감자탕 문지점, 문지동 653번지 2호 지상1층 ,카페테일, 문지동 654번지 5호  105호,다올, 반석동 130번지 2호 1층 ,1989역전꼬마김밥(반석점), 반석동 61번지 5호 지상1층 ,탱크식당, 반석동 621번지 4호 쎈타프라자 I 지상4층 ,연다연, 반석동 623번지 상가동 지상1층 102호 ,느리울한우마을, 반석동 626번지  ,라라맥주, 반석동 629번지 12호 지상1층 ,이치고, 반석동 629번지 8호 지상1층 ,경성술집대전반석점, 반석동 630번지 3호 지상1층 ,포차풍경, 반석동 631번지 12호  ,게다 반석점, 반석동 634번지 3호 지상1층 ,홈플러스 몽블랑제 반석점, 반석동 638번지 1호 지상1층 ,알찬하루, 반석동 639번지 5호 지상1층 ,에이치엔비컨설팅, 반석동 640번지 1호 더존타워 지상1층 110호 ,스타벅스 대전반석역점, 반석동 640번지 3호 뉴타운프라자 ,돈부리킹, 반석동 645번지 1호 지상1층 103,104호,노랑통닭(반석점), 반석동 646번지 5호 지상1층 ,백제갈비, 반석동 646번지 6호 지상2층 ,오닭꼬치, 반석동 646번지 7호 양지빌딩 104호,판다차이나, 반석동 646번지 7호 양지빌딩 지상2층 201,202호 ,쉬즈베이글대전반석점, 반석동 649번지 3호  ,직화삼겹통반석점, 반석동 653번지 5호  ,순분정, 반석동 653번지 6호  ,아담, 반석동 654번지 5호 지상1층 101호,다올, 방동 163번지 1호 지상1층 ,주식회사오늘제빵소, 방동 169번지  ,소휴, 방동 445번지 1호 지상1층 ,뚱이이모, 복용동 236번지 지상1층 105호 ,디카페, 복용동 236번지 지상1층 111호 ,달빛소나타 화덕구이, 복용동 452번지 16호 지상1,2층 ,죽동맛집, 복용동 575번지 1호 지상1층 ,커피쿡대전본점, 봉명동 1016번지 5호  103호,(주)아워홈 봉키병원대전점, 봉명동 1016번지 5호 지상9층 ,메가박스중앙(주) 대전유성지점, 봉명동 1016번지 7호 CGV영화관 513호,소담한그릇, 봉명동 1016번지 7호 도안센트럴프라자 113호,하루디저트, 봉명동 1016번지 7호 도안센트럴프라자 123호,카페라로사, 봉명동 1016번지 7호 도안센트럴프라자 507호,나의분식아카데미, 봉명동 1016번지 7호 외 1필지, 지상5층 5177호,씨유 대전도안6단지점, 봉명동 1030번지 5호  ,동네곱창, 봉명동 1032번지 9호 지상1층 ,고봉민김밥인 도안1호점, 봉명동 1035번지 2호  ,레드집, 봉명동 1035번지 2호 지상1층 101호 ,교동본가육전, 봉명동 1049번지 6호 지상1층 ,내가그린차이나, 봉명동 1049번지 7호 지상1층 ,바라던바, 봉명동 1050번지 5호 지상1층 ,제일바베큐봉명점, 봉명동 1050번지 8호 밝은 미소 ,족제소, 봉명동 1050번지 8호 지상1층 ,경원밥상, 봉명동 440번지 7호 지상1층 ,푸드메이커, 봉명동 441번지 11호 유성온천훼미리타운 101호,풍류살롱, 봉명동 441번지 4호  ,풍류객잔, 봉명동 441번지 5호 외2필지, 지상1층 ,라인, 봉명동 442번지 1호 지상4층 ,해운대, 봉명동 442번지 2호 남산타워 지상4층 ,베스트, 봉명동 442번지 2호 지상3층 ,초코렛, 봉명동 442번지 2호 지하1층 ,유성에프에스, 봉명동 443번지 1호 지하1층 ,아마존라이브바7080, 봉명동 443번지 4호 지상2층 ,여우앤여우, 봉명동 443번지 4호 지상7층 ,사또, 봉명동 445번지 13호 지하1층 ,수원왕갈비통닭, 봉명동 445번지 18호  ,체리보이삼겹, 봉명동 445번지 18호  ,헤라, 봉명동 445번지 19호  ,가온에프앤에스동국제강대전연수원점, 봉명동 445번지 2호 지하1층 ,에비앙, 봉명동 445번지 3호 3층 ,수, 봉명동 445번지 3호 지상1층 ,미녀와 야수, 봉명동 445번지 3호 지상4층 ,자연산바다붕장어, 봉명동 445번지 4호 리베라아이누리2차 지상1층 115호 ,알라딘, 봉명동 446번지 8호  ,라운딩, 봉명동 446번지 8호 럭키빌딩 12층 ,시금치, 봉명동 447번지 6호 레자미3차 도시형생활주택, 지상1층 112호,오봉자싸롱 (봉명점), 봉명동 448번지 5호 리베라아이누리 지상1층 103호 ,달달한오빠들협동조합, 봉명동 448번지 9호  102호,디와이푸드, 봉명동 463번지 15호  ,불철주야, 봉명동 463번지 22호  ,신사동떡볶이, 봉명동 463번지 37호 지상1층 ,한끼, 봉명동 464번지 3호 지상 1층 ,정진커피, 봉명동 465번지 15호  ,정민이네, 봉명동 466번지 23호 지상1층 ,봉명맥주상회, 봉명동 468번지 16호  ,(주) 대전미피월드, 봉명동 469번지 46호 지상2층 ,카페라떼떼, 봉명동 536번지 10호 노블레스타워 105호,델리랩수제버거, 봉명동 536번지 10호 노블레스타워 1층 109, 110호 ,럭스, 봉명동 536번지 2호  ,(유) 아웃백스테이크하우스코리아 유성점, 봉명동 536번지 5호 유성푸르지오시티 지상3층 301호302호303홓304호 ,통영, 봉명동 537번지 6호 대양오피스텔 101호 ,베르사체, 봉명동 538번지 7호 지하1층 ,초정한우유성점(주), 봉명동 538번지 8호 지상1층 115호 ,(주)하나이엔씨계룡호프점, 봉명동 540번지 12호 2층 ,미인, 봉명동 540번지 16호  ,예뜰, 봉명동 545번지 5호 인터시티호텔, 지상2,3층 ,더뷰, 봉명동 545번지 5호 지상2층 ,세븐일레븐 유성레전드점, 봉명동 546번지 7호 지상1층 ,라인, 봉명동 548번지 4호  ,꽃님이네, 봉명동 551번지 2호 지상2층 ,빙고, 봉명동 551번지 4호  ,뉴비엠떠블유, 봉명동 551번지 4호 지상5층 ,나무카페, 봉명동 551번지 5호 지상1층 ,한진장수식당, 봉명동 551번지 7호 지상1층 105호,소풍, 봉명동 552번지 12호 지상2층 ,풍차, 봉명동 552번지 12호 지하1층 ,세븐일레븐 대전봉명프라임점, 봉명동 552번지 1호 유성빌딩 지상1층 103호,카사노바, 봉명동 552번지 1호 유성빌딩 지상8층 ,온천한우온천면옥, 봉명동 552번지 1호 유성빌딩, 지상2층 ,꽈배기나라, 봉명동 553번지 2호 유성CJ나인파크 101-3호,파스쿠찌유성온천역점, 봉명동 553번지 2호 유성CJ나인파크 105-2, 106-1,2,3호 ,세븐일레븐유성온천역점, 봉명동 553번지 2호 유성CJ나인파크 지상1층 108-1,108-2,108-3,108-4호 ,다정, 봉명동 554번지 2호 지상1층 ,공기밥피시스낵, 봉명동 554번지 7호 지하1층 ,늘솜족발보쌈, 봉명동 557번지 9호  ,유람, 봉명동 559번지 30호 지상1층 ,대전출장부페, 봉명동 559번지 3호  ,아임일리터시외버스터미널점, 봉명동 561번지 10호 지상1층 ,향미식당, 봉명동 561번지 20호  ,홍성한우돈직판장, 봉명동 561번지 8호  1호,유성꽃돼지, 봉명동 564번지 19호  ,퍼퓰러버거, 봉명동 564번지 19호  ,동네오빠의초밥앤참치, 봉명동 565번지 12호 지상1층 ,지에스25대전은혜점, 봉명동 566번지 1호  ,오페라, 봉명동 566번지 5호  ,몽블랑제 봉명점, 봉명동 567번지 1호 외1필지 지상1층 ,쏠르씨엘, 봉명동 605번지 1호 지상1층 ,와인갤러리, 봉명동 606번지 2호 지상2층 ,산골농장(유성점), 봉명동 607번지 3호 스카이뷰로드 104호,발렌바, 봉명동 611번지 2호 지상4층 ,스페인261식당, 봉명동 611번지 5호  ,레드보틀, 봉명동 611번지 5호  ,고기원칙 대전봉명점, 봉명동 611번지 5호 지상1층 ,택이네조개전골 봉명점, 봉명동 611번지 5호 지상1층 ,62번가식당, 봉명동 612번지 1호 지상4층 ,야한식당(유성점), 봉명동 612번지 2호 지상1층 102호 ,경양카츠대전봉명점, 봉명동 612번지 3호  107호,레드트리, 봉명동 612번지 3호  117호,인쌩맥주봉명점, 봉명동 612번지 3호 14,115,116호 ,맛찬들 왕소금구이 봉명점, 봉명동 612번지 3호 MAD BLOCK, 지상1층 119,121,122호 ,도군분식, 봉명동 612번지 3호 지상1층 108호,노군꼬치, 봉명동 612번지 3호 지상1층 120호,대게나라, 봉명동 615번지 1호  ,단골집, 봉명동 615번지 2호  108호,옐로우택시, 봉명동 615번지 2호 지상1층 107호,민주식당, 봉명동 615번지 2호 지상2층 202호 ,상무초밥 유성점, 봉명동 617번지 1호 지상1층 106~110호 ,투플레이컴퍼니주식회사 유성4지점 밀겨울 유성1호점, 봉명동 617번지 3호 레자미 멀티홈, 지상1층 112호,제주둘레국수, 봉명동 617번지 4호 레자미 멀티홈 106호,냉면쟁이고기꾼, 봉명동 617번지 4호 레자미 멀티홈 115호,홍곱창, 봉명동 617번지 4호 레자미 멀티홈 118호,수파두파 테이크아웃 카페 유성1호점, 봉명동 617번지 4호 레자미 멀티홈, 지상1층 111호,봉명면사무소, 봉명동 617번지 4호 지상1층 114호 ,엔틱점 봉명점, 봉명동 619번지 1호 지상3층 ,리케리케익스프레스, 봉명동 621번지 4호  ,하루토, 봉명동 623번지 1호 지상1층 ,하루토, 봉명동 623번지 1호 지상2층 ,소소하게, 봉명동 623번지 3호 에이스타운3 지상1층 101호,비어칠봉명점, 봉명동 624번지 2호  110호,계스트하우스, 봉명동 626번지 1호  ,언더라운지, 봉명동 626번지 1호 지상2층 ,정통꼬리막창(봉명점), 봉명동 627번지 1호 지상1층 ,꼬치는밤, 봉명동 627번지 2호 지상1층 ,628-2, 봉명동 628번지 2호 지상4층 ,아레나, 봉명동 629번지 2호  201호,씨유(유성타운점), 봉명동 630번지 5호  ,유단란주점, 봉명동 630번지 5호  ,파이널 나인, 봉명동 630번지 5호 지상4층 302호,프롬하와이숯불닭갈비, 봉명동 633번지 1호 지상1층 104호 ,더샾골목맥주, 봉명동 634번지 2호 지상1층 ,텍사스펍, 봉명동 640번지 1호 Someday ,스토랑트(STORANT) 대전1호점, 봉명동 640번지 1호 Someday ,세븐일레븐 대전봉명시티빌점, 봉명동 640번지 7호 지상1층 103호 ,유림한우, 봉명동 640번지 8호 노블레스3 주상복합아파트, 지상2층 208,209호 ,이순신 소국밥, 봉명동 641번지 10호 벨로시티 718 지상1층 ,참치와 친구들, 봉명동 641번지 10호 지상2층 ,보카노래타운, 봉명동 641번지 7호 지상2층 ,644다시4, 봉명동 644번지 4호 더한 ,수리왕족발보쌈, 봉명동 655번지 1호 지상1층 101호,고카니, 봉명동 655번지 1호 지상1층 103호,유앤미, 봉명동 656번지 1호 지상2층 ,마시기통차, 봉명동 656번지 9호  ,늘봄한우, 봉명동 662번지 5호 봉명매드진빌딩 지상1층 102호 ,파타야, 봉명동 663번지 3호 지하1층 ,애월장흥한우, 봉명동 665번지 3호 지상1층 A동 ,미친골뱅이, 봉명동 666번지 1호 지상1층 104호 ,홈플러스 몽블랑제 유성점1호점, 봉명동 669번지  ,장호짤라집유성홈플러스점, 봉명동 669번지 홈플러스 ,국수나무 유성홈플러스점, 봉명동 669번지 홈플러스 지상4층 X18,YD호 ,테그42, 봉명동 669번지 홈플러스, 지상4층 X2Y17호,홈플러스 몽블랑제 유성점3호점, 봉명동 669번지 홈플러스유성점 3층 356,338호(조리장) ,홈플러스 몽블랑제 유성점2호점, 봉명동 669번지 홈플러스유성점 3층 359호,덕담, 봉명동 675번지 7호  ,야끼, 봉명동 676번지 2호  ,담소소사골순대육개장, 봉명동 676번지 2호  ,포항황소곱창, 봉명동 677번지 1호  110호,쌍둥이수육국밥, 봉명동 677번지 1호  111호,스테이, 봉명동 677번지 1호 지상1층 105호,히메노라멘 봉명점, 봉명동 677번지 3호 지상1층 ,탐앤탐스대전유성점, 봉명동 677번지 5호  101호,한판돈까스, 봉명동 677번지 5호  101호,곰집, 봉명동 678번지 4호 위드리버 1층 102,103,104호 ,고치소사마 대전본점, 봉명동 683번지 6호 지상1,2층 ,피자상회, 봉명동 692번지 1호 노블레스투 113호,만석화로, 봉명동 692번지 1호 노블레스투,지상1층 107,108,109,110호 ,남도물소리, 봉산동 198번지 3호  ,금강포차, 봉산동 198번지 5호 지상1층 ,궁막걸리부침개, 봉산동 204번지 4호  ,엄홍여 숯불 꼼장어, 봉산동 204번지 8호  ,명품팥죽태극당, 봉산동 206번지 12호 하나빌 지상1층 ,금성관, 봉산동 206번지 7호  ,임해순 아구찜 감자탕, 봉산동 208번지 13호  ,왔다삼겹살, 봉산동 226번지 7호  ,야무진푸드관평점, 봉산동 273번지 4호  ,삼색족발, 봉산동 290번지 12호  ,다모아식탁, 봉산동 290번지 5호  ,62번가, 봉산동 946번지 1호 지상2층 ,프로메떼레카페, 상대동 438번지 22호  ,독가마 숯불 바베큐 치킨, 상대동 440번지 1호 열린빌딩 지상1층 103호 ,은가비짬뽕, 상대동 440번지 1호 열린빌딩, 지상1층 ,올리비아, 상대동 441번지 1호 지상1층 101호 ,대전김치칼국수, 상대동 441번지 4호 지상1층 B동 ,유성숙성삼겹, 상대동 444번지 1호  가동 ,커먼오버, 상대동 452번지 1호 지상1층 ,엄마생각, 상대동 453번지 8호  ,파리바게뜨도안상대점, 상대동 456번지 3호 지상1층 102 ,세븐일레븐 유성상대센터점, 상대동 465번지 분산상가동 지상1층 101호 ,도니스바베큐, 상대동 469번지 10호  ,아조씨손칼국수, 상대동 469번지 2호 지상1층 ,베이커리하모니, 상대동 469번지 3호 지상1층 ,통달배유성점, 상대동 469번지 9호 지상1층 ,고집, 상대동 470번지 6호  ,공룡닭발유성점, 상대동 470번지 9호  ,바다횟집, 상대동 471번지 3호 지상1층 ,오풍미족발상대점, 상대동 471번지 5호  ,바로그집 상대점, 상대동 473번지 1호 지상1층 101호 ,몽블랑제 도안점, 상대동 473번지 4호 지상1층 ,돈샐, 상대동 474번지 1호 지상1층 107호 ,대게회식, 상대동 476번지 3호 지상1층 ,푸라닭대전상대점, 상대동 476번지 5호  ,치킨이즈백상대점, 상대동 476번지 6호 지상1층 ,황제명태조림, 상대동 477번지 3호 지상1층 ,맘스즉석떡볶이, 상대동 478번지 6호  ,제주상대돈(마르코점), 상대동 479번지 10호 지상1층 ,마당집, 성북동 650번지 7호  ,본우리집밥 국립대전숲체원점, 성북동 산 1번지 13호 교육동 지상1층 ,파스쿠찌 대전관평디아이점, 송강동 141번지 지상1,2층 ,데이앤데이 대전대덕대로점, 송강동 146번지 4호 지상1층 ,고우만두, 송강동 171번지 3호  ,고로식당, 송강동 171번지 6호  104호,업텐브로 신탄관평점, 송강동 171번지 6호 나동 지상1층 111호 ,맥주창고콘셉비어, 송강동 171번지 6호 송강해피죤 118,119호,쭈니네곱창막창, 송강동 171번지 6호 해피존 상가 나동 116호 ,명랑시대 쌀핫도그 대전송강점, 송강동 171번지 6호 해피존상가 지상1층 106호,시크릿, 송강동 182번지 14호 지상1층 ,오늘통닭, 송강동 187번지 5호  102호,피자프라텔로송강테크노점, 송강동 193번지 12호  ,오케이 컨츄리도넛, 송강동 193번지 13호 지상1층 ,이삼육개장, 송강동 193번지 1호  ,바다무사, 송강동 193번지 5호  ,갈비배달도시락스트릿테이블송강동점, 송강동 208번지 1호 지상1층 ,한가한끼, 송강동 30번지 3호 지상1층 ,오봉자싸롱, 송강동 31번지 5호  ,김밥천왕, 송강동 49번지 4호 나동 지상1층 103호 ,제주한라가마솥족발, 송강동 49번지 4호 지상1층 가동 107호,청춘포차, 송강동 49번지 8호 지상1층 나동 107호 ,제주가마솥족발, 송강동 49번지 8호 지상1층, 107,108호 가동 ,주식회사 에이디디시설관리단, 수남동 111번지 지상1층 ,퍼블릭펍, 신봉동 154번지 1호 자운대복지회관 ,피자마루, 신봉동 230번지 14호 자운대 쇼핑타운 지상1층 ,엄마랑분식, 신봉동 230번지 14호 지상1층 ,르호봇, 신봉동 239번지  ,(주)아이비푸드 한스코, 신성동 100번지 가동 지상1층 ,양자커피, 신성동 113번지 6호  2동 ,팔복집, 신성동 118번지 19호  ,노블레스, 신성동 119번지 8호  ,에피소드 피씨, 신성동 120번지 8호 지상3층 ,세븐일레븐 대전신성점, 신성동 122번지 10호 지상1층 ,이디야, 신성동 122번지 2호 1층 102호,게다, 신성동 123번지 10호  ,왕비꼬마김밥, 신성동 124번지 20호 지상1층 ,복촌손만두, 신성동 125번지 22호  ,신천리집, 신성동 125번지 3호  ,브레이크타임, 신성동 126번지 17호 지상1층 ,홍대마약떡볶이 츠판도리, 신성동 140번지 4호 지상1층 ,스마일찰진꽈배기, 신성동 142번지 15호  ,공유, 신성동 145번지 9호 지상1 ,촌닭, 신성동 147번지 3호 지상1층 ,카페소로로, 신성동 150번지 4호 지상1층 ,또바기 꼬마김밥, 신성동 152번지 1호 대림두레아파트 ,돈샐, 신성동 152번지 1호 상가동 지상1층 1-127호 ,밀라드커피로스터즈, 신성동 190번지 5호 지상1층 ,카페달유, 신성동 210번지 18호 지상1층 ,세븐일레븐대전신성대림점, 신성동 210번지 55호  ,레몬스아뜨리에, 신성동 210번지 69호 지상1층 ,카페프랜드, 신성동 210번지 76호 지상1층 ,돈불고기전문점신성동고모네, 신성동 210번지 84호  ,깻잎두마리치킨, 신성동 212번지 10호 지상1층 ,아띠, 신성동 212번지 3호 1층 ,70년대짬뽕, 신성동 522번지 지상2층 ,순남시래기, 신성동 524번지 지상1층 ,푸디스트(주) 한화솔루션중앙연구소점, 신성동 6번지  ,알리바바노래클럽, 어은동 101번지 10호  ,세븐일레븐 대전어은점, 어은동 101번지 15호 지상1층 ,핵밥 대전유성점, 어은동 101번지 지상1층 101호,장터, 어은동 103번지 5호 지상1층 ,네네치킨(궁동,어은점), 어은동 105번지 3호 지상1층 ,서울양복점, 어은동 105번지 4호 지상1층 ,글루글루, 어은동 105번지 8호  ,세븐일레븐유성한빛점, 어은동 108번지 4호 지상1층 ,비바돈까스, 어은동 108번지 5호 지하층 ,선비꼬마김밥 유성점, 어은동 110번지 6호  ,세븐일레븐 대덕연구단지점, 어은동 110번지 7호 지상1층 ,콘트라, 어은동 111번지 23호 지상1층 ,111-7밀, 어은동 111번지 7호 지상1층 ,살남, 어은동 112번지 3호  ,잇마이타이, 어은동 112번지 4호 지상1층 ,꼬꾸마시, 어은동 113번지 2호  ,마쯔리, 어은동 113번지 6호 지상1층 ,샐랩, 어은동 114번지 2호  ,세렝게티, 어은동 115번지  ,충남대학교소비자생활협동조합, 어은동 216번지 3호 충남대학교 상록회관 ,케이비시언커피앤북스, 어은동 52번지 9호 행정복지동 지상1층 ,(주)동원홈푸드 한국생명공학연구원 나눔관, 어은동 52번지 한국생명공학연구원 기숙사동 지상1층 ,(주)동원홈푸드 한국생명공학연구원 중앙관, 어은동 52번지 한국생명공학연구원 유전공학지원동(2동) 지상1층 ,세인트빈, 외삼동 274번지 1호  ,예이제448, 외삼동 448번지 지상1층 ,푸디스트주식회사 한화대전점, 외삼동 52번지 1호  ,갤러리지에이, 용계동 166번지 11호  ,투썸플레이스 대전목원대점, 용계동 664번지 4호 스타타워 103~106호,아라니카노, 용계동 664번지 4호 스타타워 지상1층 114호,잔치국수전문, 용계동 664번지 5호 지상1층 104-1호 ,원한상푸드, 용계동 670번지 5호 지상1층 ,세븐일레븐 대전테크노월드2호점, 용산동 533번지 1호 미건테크노월드(2차) 지상1층 1001호 ,카페엠, 용산동 533번지 1호 미건테크노월드2차 1007,1020호 ,최부자반점, 용산동 533번지 미건테크노월드1차 지상1층 1109호,파스쿠찌대덕밸리점, 용산동 576번지 대덕플라자 101, 102, 109, 110호 ,(주)현대그린푸드 현대프리미엄아울렛대전점, 용산동 579번지 판매시설동 지상4층 ,온더보더 대전테크노중앙로점, 용산동 579번지 현대프리미엄아울렛 대전점 ,지에스 대전테크노중앙로점, 용산동 579번지 현대프리미엄아울렛 대전점 ,에그드랍 대전테크노중앙로점, 용산동 579번지 현대프리미엄아울렛 대전점 지상3층 3202-14호 ,폴바셋 현대프리미엄아울렛대전점, 용산동 579번지 현대프리미엄아울렛 대전점 판매시설동 지상1층 1113호 ,크레빌 대전테크노중앙로점, 용산동 579번지 현대프리미엄아울렛 대전점 판매시설동 지상1층 1116호 ,콘타이 대전테크노중앙로점, 용산동 579번지 현대프리미엄아울렛 대전점 판매시설동 지상1층 1125호 ,조앤더주스 대전테크노중앙로점, 용산동 579번지 현대프리미엄아울렛 대전점 판매시설동 지상1층 1210호 ,얌이밀, 용산동 579번지 현대프리미엄아울렛 대전점 판매시설동 지상1층 1230호 ,스타벅스 대전현대아울렛점, 용산동 579번지 현대프리미엄아울렛 대전점 판매시설동 지상1층 1237호 ,베즐리 대전테크노중앙로점, 용산동 579번지 현대프리미엄아울렛 대전점 판매시설동 지상1층 1238호 ,좋은아침페스츄리 대전테크노중앙로점, 용산동 579번지 현대프리미엄아울렛 대전점 판매시설동 지상2층 2113호 ,휘게문고 대전테크노중앙로점, 용산동 579번지 현대프리미엄아울렛 대전점 판매시설동 지상2층 2232호 ,챔피언 대전테크노중앙로점, 용산동 579번지 현대프리미엄아울렛 대전점 판매시설동 지상3층 3101호 ,커피인터뷰 대전테크노중앙로점, 용산동 579번지 현대프리미엄아울렛 대전점 판매시설동 지상3층 3139호 ,(유)아웃백스테이크하우스코리아 대전현대아울렛점, 용산동 579번지 현대프리미엄아울렛 대전점 판매시설동 지상3층 3142호 ,지파시 대전테크노중앙로점, 용산동 579번지 현대프리미엄아울렛 대전점 판매시설동 지상3층 3201-1호 ,메가박스중앙(주)대전현대아울렛지점, 용산동 579번지 현대프리미엄아울렛 대전점 판매시설동 지상3층 3201호 ,공차 현대아울렛대전점, 용산동 579번지 현대프리미엄아울렛 대전점 판매시설동 지상3층 3202-10호 ,오규당 대전테크노중앙로점, 용산동 579번지 현대프리미엄아울렛 대전점 판매시설동 지상3층 3202-11호 ,간코 대전테크노중앙로점, 용산동 579번지 현대프리미엄아울렛 대전점 판매시설동 지상3층 3202-12호 ,백미당 대전테크노중앙로점, 용산동 579번지 현대프리미엄아울렛 대전점 판매시설동 지상3층 3202-13호 ,관평동사람들 대전테크노중앙로점, 용산동 579번지 현대프리미엄아울렛 대전점 판매시설동 지상3층 3202-15호 ,남도분식 대전테크노중앙로점, 용산동 579번지 현대프리미엄아울렛 대전점 판매시설동 지상3층 3202-1호 ,버거킹 대전테크노중앙로점, 용산동 579번지 현대프리미엄아울렛 대전점 판매시설동 지상3층 3202-2호 ,마스터키친 대전테크노중앙로점, 용산동 579번지 현대프리미엄아울렛 대전점 판매시설동 지상3층 3202-3호 ,복수분식 대전테크노중앙로점, 용산동 579번지 현대프리미엄아울렛 대전점 판매시설동 지상3층 3202-4호 ,도하정 대전테크노중앙로점, 용산동 579번지 현대프리미엄아울렛 대전점 판매시설동 지상3층 3202-5호 ,계백집 대전테크노중앙로점, 용산동 579번지 현대프리미엄아울렛 대전점 판매시설동 지상3층 3202-6호 ,퍼틴 대전테크노중앙로점, 용산동 579번지 현대프리미엄아울렛 대전점 판매시설동 지상3층 3202-7호 ,육첩반상 대전테크노중앙로점, 용산동 579번지 현대프리미엄아울렛 대전점 판매시설동 지상3층 3202-8호 ,앤티앤스프레즐 대전테크노중앙로점, 용산동 579번지 현대프리미엄아울렛 대전점 판매시설동 지상3층 3202-9호 ,전주선비빔 대전테크노중앙로점, 용산동 579번지 현대프리미엄아울렛 대전점 판매시설동 지상3층 3203-1호 ,온드린 대전테크노중앙로점, 용산동 579번지 현대프리미엄아울렛 대전점 판매시설동 지상3층 3203-2호 ,한솔냉면 대전테크노중앙로점, 용산동 579번지 현대프리미엄아울렛 대전점 판매시설동 지상3층 3203-3호 ,메이루 대전테크노중앙로점, 용산동 579번지 현대프리미엄아울렛 대전점 판매시설동 지상3층 3203-4호 ,경양식1985  대전테크노중앙로점, 용산동 579번지 현대프리미엄아울렛 대전점 판매시설동 지상3층 3203-5호 ,팝업냄비요리연구소 대전테크노중앙로점, 용산동 579번지 현대프리미엄아울렛 대전점 판매시설동 지상3층 3203-6호 ,만석장 대전테크노중앙로점, 용산동 579번지 현대프리미엄아울렛 대전점 판매시설동 지상3층 3204호 ,차이797 대전현대아울렛점, 용산동 579번지 현대프리미엄아울렛 대전점 판매시설동 지상3층 3205호 ,도토리편백집 대전테크노중앙로점, 용산동 579번지 현대프리미엄아울렛 대전점 판매시설동 지상3층 3206호 ,밀탑 대전테크노중앙로점, 용산동 579번지 현대프리미엄아울렛 대전점 판매시설동 지상3층 3207호 ,스시덴고쿠 대전테크노중앙로점, 용산동 579번지 현대프리미엄아울렛 대전점 판매시설동 지상3층 3208호 ,더테이블 대전1호점, 용산동 579번지 호텔 스카이파크 숙박시설동 지상2층 ,손수, 용산동 628번지  ,대산식당, 원내동 199번지 10호  ,늘봄돌구이, 원내동 206번지 6호 지상1층 101호,동강, 원내동 225번지 4호  ,쌍둥이네, 원내동 227번지 2호 지상1층 ,진잠원조선산곱창, 원내동 228번지 6호 진잠종합시장 지상1층 ,초록한입김밥, 원내동 309번지 13호 지상1층 ,오델로 식당, 원내동 313번지 1호 5층 ,한끼밥상, 원내동 320번지 4호 지상1층 ,가마치통닭(원내점), 원내동 320번지 6호 원내코아 지상1층 104호,먹심, 원내동 320번지 9호 1층 ,커즈, 원내동 321번지 1호 지상 4층 ,구공찌개, 원내동 321번지 4호  ,인생갈비흥부네, 원내동 321번지 7호 지상1층 ,가람, 원내동 334번지 7호 지상1층 ,달달, 원내동 334번지 8호 지상1층 ,진잠황칠주막, 원내동 341번지 7호  ,다카포, 원내동 343번지 22호 지상 1층 ,지코바, 원내동 343번지 4호  ,아지트, 원내동 343번지 5호  ,처갓집양념치킨 원내점, 원내동 343번지 7호  ,까페윤, 원내동 347번지 8호  ,유식혜, 원내동 66번지 8호 지상1층 ,먹고보자, 원내동 80번지 4호 지상1층 ,겔러리마트, 원내동 828번지  ,굽네치킨대전원내점, 원내동 84번지 11호 지상1층 101호,엠스토리, 원내동 86번지 1호 지상1층 ,카페바오, 원내동 92번지 13호  ,투썸플레이스 도안수변공원점, 원신흥동 491번지 7호 지상1층 ,대가생막창, 원신흥동 499번지 2호 도림빌 지상1층 ,빅원치킨 원신흥점, 원신흥동 500번지 1호 지상1층 104호,특별한커피, 원신흥동 502번지 1호 지상1층 ,신가네숯불갈비, 원신흥동 502번지 2호 지상1층 ,카페릴리릴리, 원신흥동 505번지 11호  ,루하테이블, 원신흥동 507번지 11호  ,비하우스, 원신흥동 507번지 8호 지상1층 101호,비이하우스, 원신흥동 507번지 9호 지상1층 101호,유성떡볶이, 원신흥동 545번지 5호 지상1층 ,톡톡, 원신흥동 545번지 8호  ,청담골, 원신흥동 552번지 2호 지상1층 ,국민수육국밥, 원신흥동 552번지 4호  ,친정, 원신흥동 557번지 5호 지상1층 101호 ,(주)참 점핑고, 원신흥동 557번지 5호 지상3층 ,옷고시, 원신흥동 558번지 1호 지상1층, 101,102호 ,무드베이지, 원신흥동 562번지 8호 펠리체, 지상1층 ,스시이신, 원신흥동 567번지 7호  ,춘화식당, 원신흥동 569번지 5호 지상1층 ,미니스톱 도안대왕점, 원신흥동 570번지 11호 지상1층 ,동경커피, 원신흥동 571번지 10호 지상1층 ,원블러, 원신흥동 572번지 7호  ,카페윤, 원신흥동 574번지 8호 지상1층 101,102호 ,살루떼, 원촌동 48번지 2호 1층 ,쌍촌본가, 원촌동 77번지 4호 1, 2층 ,제9687부대 (주)가온에프앤에스, 자운동 129번지 본청001 지상1층 ,이차돌대전신성점, 자운동 20번지 2호 지상1층 ,돈치킨 신성,자운대점, 자운동 21번지 10호 지상2층 ,강릉칼국수, 자운동 22번지 16호 지상1층 ,화돌농장, 자운동 22번지 1호  ,흑염소토속마을, 자운동 24번지 6호 지상1층 ,장한수귀성본가, 자운동 568번지 지상1층 ,키친온, 장대동 12번지 7호 지상1층 ,한식당, 장대동 143번지 6호  ,프렛폼, 장대동 229번지 21호 지상1층 ,씨유대전장대푸르지오점, 장대동 264번지 1호  102호,담음, 장대동 271번지 1호 지상1층 ,스위트푸드, 장대동 271번지 29호 지상1층 ,카멜레온, 장대동 271번지 2호  ,정현식당, 장대동 278번지 14호 지상1층 ,신추풍령시래기감자탕, 장대동 280번지 14호 외 1필지 지상1층 ,김밥나라(장대점), 장대동 280번지 9호 지상1층 ,길족발보쌈, 장대동 282번지 4호  ,곱이찬황소곱창, 장대동 283번지 14호 지상1층 ,세꼬시와 오징어, 장대동 284번지 4호 외1필지 ,옥이네김치찌개와직화삼겹, 장대동 284번지 8호  ,골라먹는덮밥 유성점, 장대동 286번지 22호  ,팡팡, 장대동 286번지 9호 지하1층 ,태희갤러리카페, 장대동 305번지 8호 대월빌 ,공명, 장대동 314번지 3호  ,지에스25 장대월드컵점, 장대동 323번지 2호 상가동 지상1층 104호 ,세븐일레븐 장대중앙점, 장대동 326번지 1호 지상1층 ,오늘의밥상, 장대동 328번지 1호  ,홍게양대게군유성점, 장대동 329번지 10호  ,메종드봄, 장대동 329번지 17호 지상1층 102호 ,좋은케이터링, 장대동 342번지 6호  ,소확행피자(유성점), 장대동 344번지 상가동 지상1층 111호 ,친스쿠킹, 장대동 346번지 8호  ,백년 손님, 장대동 356번지 10호 지상1층 ,자금성, 장대동 356번지 12호  ,해오름돈까스, 장대동 356번지 6호 지상1층 ,선넘는형제들, 장대동 362번지 7호  ,고고포차, 장대동 365번지 1호 지상1층 102호 ,정통어화키친, 장대동 365번지 3호 지상1층 ,계모임, 장대동 368번지 12호 지상1층 ,1950할매손집밥유성구점, 장대동 369번지 3호  ,신마약등갈비찜, 장대동 369번지 4호 지상1층 ,타이코, 장대동 369번지 8호 지상1층 ,칭다오양갈비, 장대동 370번지 13호 지상1층 ,깻잎 두마리 치킨 (충남대점), 장대동 370번지 3호 지상1층 101호,죠스해물포차, 장대동 372번지 3호 지상1층 ,찜닭파는집, 장대동 375번지 2호 지상1층103호 ,부뚜막집, 장대동 375번지 7호  ,몽미, 장대동 375번지 7호  ,알단테, 장대동 375번지 7호  ,아버지가사온옛날통닭, 장대동 375번지 7호  ,바삭바사삭, 장대동 375번지 7호  ,파란대문집, 장대동 375번지 7호  ,매콤달콤쫄깃, 장대동 375번지 7호  ,태안갯벌마을, 장대동 375번지 7호  ,의정부막둥이네, 장대동 375번지 7호  ,꾸어꾸어, 장대동 375번지 7호  ,본우리집밥 한국화학연구원점, 장동 100번지  ,본건강한상 한국화학연구원점, 장동 100번지 한국화학연구소, 지상2층 ,(주)가온에프앤에스선박해양플랜트연구소점, 장동 34번지 한국해양과학기술원 지상1층 ,푸디스트(주) 한화종합연구소점, 장동 448번지  ,(주)한화비앤비 종합연구소점, 장동 448번지 (주)한화종합연구소 연구개발동 ,(주)아워홈 대덕대학기숙사점, 장동 48번지  ,(주)아워홈 대덕대학생식당점(정곡관), 장동 48번지 대덕대학학생식당 정곡관 ,(주)아워홈 대덕대학생식당점(전산관), 장동 48번지 전산관 ,차화당, 전민동 298번지 13호  ,차앤쿡, 전민동 298번지 13호  ,대전푸라닭전민점, 전민동 306번지 11호  ,게다, 전민동 306번지 16호 지상1층 ,파파존스엑스포점, 전민동 325번지 13호  ,홍루이젠 대덕연구단지전민점, 전민동 325번지 5호 지상1층 ,다다막회, 전민동 327번지 24호  ,명관 뼈 해장국, 전민동 329번지 5호 지상1층 ,두판닭갈비 대전전민점, 전민동 336번지 13호 지상1층 101호,스마일찹쌀꽈배기, 전민동 336번지 17호  ,배불러활어회, 전민동 336번지 18호 지상1층 ,세븐일레븐 대전전민점, 전민동 336번지 1호 지상1층 ,온본가, 전민동 338번지 10호 지상1층 ,이야기 밥상, 전민동 339번지 10호 지상1층 ,도쿄, 전민동 339번지 2호  ,예약맛집공유, 전민동 342번지 5호 지상1층 ,처갓집양념치킨 전민점, 전민동 348번지 7호 지상1층 ,디저트카페구움, 전민동 364번지 17호 지상1층 ,대전곱이곱다, 전민동 365번지 9호  ,송림, 전민동 368번지 18호 1층 ,빅원치킨레알찜닭전민점, 전민동 371번지 1호 지상1층 ,랩플레이스(전민점), 전민동 385번지 9호 지상1층 ,소정다이닝, 전민동 458번지 5호 월드빌 지상1층 ,맛나정육미트델리, 전민동 460번지 1호 삼성푸른아파트 상가동 108호,본우리집밥한의학연구원점, 전민동 461번지 24호  ,(주)티시스대덕연구소, 전민동 462번지 3호  ,심결꽃차, 전민동 466번지 3호 엑스포코아, 지상3층 3001-12호 ,카페코이, 죽동 621번지 12호 지상1층 ,애프터카페, 죽동 626번지 3호  ,미미낙락, 죽동 628번지 7호 지상1층 ,야무진푸드 죽동점, 죽동 694번지 1호 지상1층 ,동동칼국수, 죽동 694번지 5호 지상1층 ,대구생막창, 죽동 698번지 6호 지상1층 ,명륜진사갈비 죽동점, 죽동 704번지 7호 지상2층 201,202호 ,죽동맛집, 죽동 706번지 4호 지상1층 ,일상, 죽동 714번지 2호  ,사운드빈, 죽동 715번지 5호 지상1층 ,라까사, 죽동 716번지 6호  ,더두루채, 죽동 718번지 4호 지상1층 ,도우모, 죽동 720번지 10호 지상1층 101호,멕시카나치킨 대전죽동점, 죽동 720번지 1호 죽동프라자 110호,비에이치씨죽동점, 죽동 720번지 9호 지상1층 ,더줌소, 죽동 723번지 8호 지상1층 101호 ,흥남부두, 죽동 725번지 3호 지상1층 ,94번가, 죽동 736번지 3호  101호,미다방, 죽동 736번지 4호 지상1층 ,카페토브, 지족동 1017번지 1호 지상1층 ,토미커피, 지족동 1017번지 5호 지상1층 ,매일봄, 지족동 1018번지 3호  102호,노은각, 지족동 1018번지 4호 지상1층 ,꿈커피앤세계맥주, 지족동 1018번지 8호 지상1층 ,카페 마실, 지족동 1025번지 1호 지상1층 110호,59쌀피자 반석점, 지족동 1025번지 2호 하나로빌딩 지상1층 102호,가마치통닭 노은3지구점, 지족동 1026번지 1호  105호,정성백숙, 지족동 1027번지 1호 지상1층 108~110호 ,자담치킨 지족점, 지족동 1034번지 1호  ,파리바게뜨(노은휴먼시아점), 지족동 1046번지 9호 지상1층 101호 ,유성즉석떡볶이반석점, 지족동 1095번지 4호  ,리원 지족점, 지족동 1096번지 1호 지상1층 102호,자연석돈구이, 지족동 1096번지 3호 지상1층 ,푸라닭대전반석점, 지족동 1097번지 10호  ,쌈패, 지족동 1098번지 1호 지상1층 ,한스브로트, 지족동 599번지 3호 지상1층 A-1호 ,씨유 지족KB점, 지족동 840번지 1호 국민타운 ,씨유 대전열매1단지점, 지족동 853번지 열매마을아파트1단지 ,다비다, 지족동 884번지 2호 지상1층 ,미소정, 지족동 887번지  ,시인과농부, 지족동 892번지 6호 지상3층 ,무진화로, 지족동 892번지 9호  ,티앤비, 지족동 894번지 2호 111호 ,만찬수산, 지족동 894번지 5호 지상1층 122호 ,노은7080, 지족동 897번지 6호 지하1층 ,푸라닭 노은점, 지족동 898번지 1호 지상1층 117호 ,세븐일레븐 대전뉴노은광장점, 지족동 901번지 1호 지상1층 118A호 ,홈플러스 몽블랑제 노은점, 지족동 901번지 2호 금강프라자 지상1층 110호 ,데코르, 지족동 902번지 1호 지상1,2층 101,102,201호 ,아이라이킷, 지족동 902번지 3호  ,버거킹 대전노은역점, 지족동 902번지 6호 지상1층 ,쉬즈베이글(노은점), 지족동 905번지 3호 지상1층 105호 ,정본, 지족동 905번지 3호 지상1층 112호 ,가마치통닭 노은점, 지족동 905번지 4호 노은타운 ,천사에스지스크린골프, 지족동 906번지 1호 웰컴빌딩, 지상3층 ,김재완원조돼지김치구이, 지족동 907번지 17호  ,(주)코리아세븐노은점, 지족동 907번지 1호  ,곱창가, 지족동 908번지 12호 지상1층 ,유성닭발, 지족동 908번지 17호 1층 ,인생역전, 지족동 908번지 3호  ,새벽회, 지족동 909번지 11호 지상1층 ,더치앤빈 대전노은점, 지족동 910번지 3호 지상1층 ,와플대학 대전노은캠퍼스, 지족동 910번지 7호 지상1층 ,케이에프씨노은역점, 지족동 910번지 9호  ,오늘그대와, 지족동 911번지 8호  ,치킨과바람피자 대전노은점, 지족동 914번지 지상1층 104호,투존치킨 (노은점), 지족동 917번지 12호 지상1층 102호,오곡손맛칼국수, 지족동 917번지 4호 지상1층 ,세이비건, 지족동 917번지 5호 지상1층 ,(주)아워홈 유성선병원점, 지족동 923번지 유성선병원 H동 지하1층 ,카페까멜리아, 지족동 979번지 1호  ,이비가짬뽕 노은점, 지족동 979번지 5호 지상1층 ,봉달쥬스 반석점, 지족동 984번지 2호 지상1층 102호 ,씨유 대전리젠시점, 지족동 984번지 2호 지상1층 103,104호 ,봉자네 김밥앤커피, 지족동 986번지 1호 옥타브상가 114-2호,달떡, 지족동 986번지 2호 옥타브상가 119호,왕궁중화요리, 탑립동 620번지 20호  ,(주)아워홈 세화대전점, 탑립동 701번지 지상1층 ,(주)아워홈실리콘웍스점, 탑립동 707번지 주식회사 실리콘웍스 지상1층 ,씨유대전테크노2호점, 탑립동 874번지 지상1층 ,행복한 밥상, 탑립동 880번지 지상2층 ,한빛식당, 탑립동 884번지 지상2층 ,(주)아이비푸드디엠티, 탑립동 910번지 4층 (지번변경 2008.5.19) ,감탄 (노은점), 하기동 518번지 롯데마트노은점 지하1층 ,가마솥국밥보쌈, 하기동 519번지  X11Y5호,딜리버리퀸대전, 하기동 529번지 6호 지상1층 103호,본죽 대전하기동점, 하기동 532번지 2호 수가2, 지상1층 105호,요기요기, 하기동 535번지 2호 지상1층 ,씨유대전송림4단지점, 하기동 542번지 송림마을아파트4단지 분산상가동 102호,맛집, 하기동 542번지 지상1충 103호 ,카페 하이, 하기동 545번지 송림마을@5단지 상가 지상1층104,105호 ,어거스트, 하기동 89번지  ,(주)더큰더존푸드침신대점, 하기동 산 14번지 지상1층 ,주식회사그린케어, 학하동 751번지 5호 지상1층 ,비바에이, 화암동 155번지 98호 지상1층 ,카페보니또 대전점, 화암동 174번지 10호 지상1,2층 ,고기박사냉면초계막국수북대전점, 화암동 174번지 12호  ,푸디스트(주) 중앙백신연구소점, 화암동 59번지 3호  ",<200 https://blog.naver.com/PostView.nhn?blogId=crazykd&logNo=222028617918&from=search&redirect=Log&widgetTypeCall=true&topReferer=https%3A%2F%2Fsearch.naver.com%2Fsearch.naver%3Fdate_from%3D20200712%26date_option%3D8%26date_to%3D20200712%26dup_remove%3D1%26nso%3Dp%3Afrom20200712to20200712%26post_blogurl%3D%26post_blogurl_without%3D%25ED%2586%25B5%25EC%2598%2581%2B%25EB%25A7%259B%25EC%25A7%2591-%25EC%259E%25A5%25EB%25A1%2580%25EC%258B%259D%25EC%259E%25A5%26query%3D%25ED%2586%25B5%25EC%2598%2581%2B%25EB%25A7%259B%25EC%25A7%2591%26sm%3Dtab_pge%26srchby%3Dall%26st%3Dsim%26where%3Dpost%26start%3D91&directAccess=True>,2020년 상반기 대전 유성구에 새로생긴 음식점 상가 정보 공유합니다.
,<200 https://blog.naver.com/PostView.nhn?blogId=nan281004&logNo=222028656398&from=search&redirect=Log&widgetTypeCall=true&topReferer=https%3A%2F%2Fsearch.naver.com%2Fsearch.naver%3Fdate_from%3D20200712%26date_option%3D8%26date_to%3D20200712%26dup_remove%3D1%26nso%3Dp%3Afrom20200712to20200712%26post_blogurl%3D%26post_blogurl_without%3D%25ED%2586%25B5%25EC%2598%2581%2B%25EB%25A7%259B%25EC%25A7%2591-%25EC%259E%25A5%25EB%25A1%2580%25EC%258B%259D%25EC%259E%25A5%26query%3D%25ED%2586%25B5%25EC%2598%2581%2B%25EB%25A7%259B%25EC%25A7%2591%26sm%3Dtab_pge%26srchby%3Dall%26st%3Dsim%26where%3Dpost%26start%3D31&directAccess=True>,"통영, 청담가"
,<200 https://blog.naver.com/PostView.nhn?blogId=kanariaa&logNo=222028853439&from=search&redirect=Log&widgetTypeCall=true&topReferer=https%3A%2F%2Fsearch.naver.com%2Fsearch.naver%3Fdate_from%3D20200712%26date_option%3D8%26date_to%3D20200712%26dup_remove%3D1%26nso%3Dp%3Afrom20200712to20200712%26post_blogurl%3D%26post_blogurl_without%3D%25ED%2586%25B5%25EC%2598%2581%2B%25EB%25A7%259B%25EC%25A7%2591-%25EC%259E%25A5%25EB%25A1%2580%25EC%258B%259D%25EC%259E%25A5%26query%3D%25ED%2586%25B5%25EC%2598%2581%2B%25EB%25A7%259B%25EC%25A7%2591%26sm%3Dtab_pge%26srchby%3Dall%26st%3Dsim%26where%3Dpost%26start%3D51&directAccess=True>,주문케이크))튤립케이크
,<200 https://blog.naver.com/PostView.nhn?blogId=kanariaa&logNo=222028849806&from=search&redirect=Log&widgetTypeCall=true&topReferer=https%3A%2F%2Fsearch.naver.com%2Fsearch.naver%3Fdate_from%3D20200712%26date_option%3D8%26date_to%3D20200712%26dup_remove%3D1%26nso%3Dp%3Afrom20200712to20200712%26post_blogurl%3D%26post_blogurl_without%3D%25ED%2586%25B5%25EC%2598%2581%2B%25EB%25A7%259B%25EC%25A7%2591-%25EC%259E%25A5%25EB%25A1%2580%25EC%258B%259D%25EC%259E%25A5%26query%3D%25ED%2586%25B5%25EC%2598%2581%2B%25EB%25A7%259B%25EC%25A7%2591%26sm%3Dtab_pge%26srchby%3Dall%26st%3Dsim%26where%3Dpost%26start%3D51&directAccess=True>,가족과 함께 하는 쿠키만들기
,<200 https://blog.naver.com/PostView.nhn?blogId=cksook76&logNo=222028989939&from=search&redirect=Log&widgetTypeCall=true&topReferer=https%3A%2F%2Fsearch.naver.com%2Fsearch.naver%3Fdate_from%3D20200712%26date_option%3D8%26date_to%3D20200712%26dup_remove%3D1%26nso%3Dp%3Afrom20200712to20200712%26post_blogurl%3D%26post_blogurl_without%3D%25ED%2586%25B5%25EC%2598%2581%2B%25EB%25A7%259B%25EC%25A7%2591-%25EC%259E%25A5%25EB%25A1%2580%25EC%258B%259D%25EC%259E%25A5%26query%3D%25ED%2586%25B5%25EC%2598%2581%2B%25EB%25A7%259B%25EC%25A7%2591%26sm%3Dtab_pge%26srchby%3Dall%26st%3Dsim%26where%3Dpost%26start%3D101&directAccess=True>,"통영맛집_ 풍성함에 눈이 번쩍, 맛에 놀라는 통영나폴리해물탕"
,<200 https://blog.naver.com/PostView.nhn?blogId=hae6292&logNo=222028708519&from=search&redirect=Log&widgetTypeCall=true&topReferer=https%3A%2F%2Fsearch.naver.com%2Fsearch.naver%3Fdate_from%3D20200712%26date_option%3D8%26date_to%3D20200712%26dup_remove%3D1%26nso%3Dp%3Afrom20200712to20200712%26post_blogurl%3D%26post_blogurl_without%3D%25ED%2586%25B5%25EC%2598%2581%2B%25EB%25A7%259B%25EC%25A7%2591-%25EC%259E%25A5%25EB%25A1%2580%25EC%258B%259D%25EC%259E%25A5%26query%3D%25ED%2586%25B5%25EC%2598%2581%2B%25EB%25A7%259B%25EC%25A7%2591%26sm%3Dtab_pge%26srchby%3Dall%26st%3Dsim%26where%3Dpost%26start%3D131&directAccess=True>,꼬막포차(강릉) 강릉 먹거리 맛집으로 추천합니다~~
,<200 https://blog.naver.com/PostView.nhn?blogId=sjskwkfgo007&logNo=222028850841&from=search&redirect=Log&widgetTypeCall=true&topReferer=https%3A%2F%2Fsearch.naver.com%2Fsearch.naver%3Fdate_from%3D20200712%26date_option%3D8%26date_to%3D20200712%26dup_remove%3D1%26nso%3Dp%3Afrom20200712to20200712%26post_blogurl%3D%26post_blogurl_without%3D%25ED%2586%25B5%25EC%2598%2581%2B%25EB%25A7%259B%25EC%25A7%2591-%25EC%259E%25A5%25EB%25A1%2580%25EC%258B%259D%25EC%259E%25A5%26query%3D%25ED%2586%25B5%25EC%2598%2581%2B%25EB%25A7%259B%25EC%25A7%2591%26sm%3Dtab_pge%26srchby%3Dall%26st%3Dsim%26where%3Dpost%26start%3D121&directAccess=True>,통영맛집추천 통영불곰횟집 리조트 내에 있어 깔끔하게 먹을수 있어요
,<200 https://blog.naver.com/PostView.nhn?blogId=puricia&logNo=222028666339&from=search&redirect=Log&widgetTypeCall=true&topReferer=https%3A%2F%2Fsearch.naver.com%2Fsearch.naver%3Fdate_from%3D20200712%26date_option%3D8%26date_to%3D20200712%26dup_remove%3D1%26nso%3Dp%3Afrom20200712to20200712%26post_blogurl%3D%26post_blogurl_without%3D%25ED%2586%25B5%25EC%2598%2581%2B%25EB%25A7%259B%25EC%25A7%2591-%25EC%259E%25A5%25EB%25A1%2580%25EC%258B%259D%25EC%259E%25A5%26query%3D%25ED%2586%25B5%25EC%2598%2581%2B%25EB%25A7%259B%25EC%25A7%2591%26sm%3Dtab_pge%26srchby%3Dall%26st%3Dsim%26where%3Dpost%26start%3D61&directAccess=True>,북한산 맛집!! 메밀잔치~
,<200 https://blog.naver.com/PostView.nhn?blogId=cfe_west&logNo=222028567042&from=search&redirect=Log&widgetTypeCall=true&topReferer=https%3A%2F%2Fsearch.naver.com%2Fsearch.naver%3Fdate_from%3D20200712%26date_option%3D8%26date_to%3D20200712%26dup_remove%3D1%26nso%3Dp%3Afrom20200712to20200712%26post_blogurl%3D%26post_blogurl_without%3D%25ED%2586%25B5%25EC%2598%2581%2B%25EB%25A7%259B%25EC%25A7%2591-%25EC%259E%25A5%25EB%25A1%2580%25EC%258B%259D%25EC%259E%25A5%26query%3D%25ED%2586%25B5%25EC%2598%2581%2B%25EB%25A7%259B%25EC%25A7%2591%26sm%3Dtab_pge%26srchby%3Dall%26st%3Dsim%26where%3Dpost%26start%3D61&directAccess=True>,2020년 7월 12일 오후 2시 12분에 저장한 글입니다.
"선물받은 통영 원조꿀빵,통영 가면 꼭 맛봐야하는 꿀빵",<200 https://blog.naver.com/PostView.nhn?blogId=audfkr1313&logNo=222028486233&from=search&redirect=Log&widgetTypeCall=true&topReferer=https%3A%2F%2Fsearch.naver.com%2Fsearch.naver%3Fdate_from%3D20200712%26date_option%3D8%26date_to%3D20200712%26dup_remove%3D1%26nso%3Dp%3Afrom20200712to20200712%26post_blogurl%3D%26post_blogurl_without%3D%25ED%2586%25B5%25EC%2598%2581%2B%25EB%25A7%259B%25EC%25A7%2591-%25EC%259E%25A5%25EB%25A1%2580%25EC%258B%259D%25EC%259E%25A5%26query%3D%25ED%2586%25B5%25EC%2598%2581%2B%25EB%25A7%259B%25EC%25A7%2591%26sm%3Dtab_pge%26srchby%3Dall%26st%3Dsim%26where%3Dpost%26start%3D151&directAccess=True>,통영 원조오미사꿀빵
,<200 https://blog.naver.com/PostView.nhn?blogId=gamdog86&logNo=222019458588&from=search&redirect=Log&widgetTypeCall=true&topReferer=https%3A%2F%2Fsearch.naver.com%2Fsearch.naver%3Fdate_from%3D20200712%26date_option%3D8%26date_to%3D20200712%26dup_remove%3D1%26nso%3Dp%3Afrom20200712to20200712%26post_blogurl%3D%26post_blogurl_without%3D%25ED%2586%25B5%25EC%2598%2581%2B%25EB%25A7%259B%25EC%25A7%2591-%25EC%259E%25A5%25EB%25A1%2580%25EC%258B%259D%25EC%259E%25A5%26query%3D%25ED%2586%25B5%25EC%2598%2581%2B%25EB%25A7%259B%25EC%25A7%2591%26sm%3Dtab_pge%26srchby%3Dall%26st%3Dsim%26where%3Dpost%26start%3D41&directAccess=True>,[경상남도/통영] 용궁식당 / 통영 식당 / 통영 용궁식당 / 통영 여행 
,<200 https://blog.naver.com/PostView.nhn?blogId=rkdgurrn11&logNo=222018735015&from=search&redirect=Log&widgetTypeCall=true&topReferer=https%3A%2F%2Fsearch.naver.com%2Fsearch.naver%3Fdate_from%3D20200712%26date_option%3D8%26date_to%3D20200712%26dup_remove%3D1%26nso%3Dp%3Afrom20200712to20200712%26post_blogurl%3D%26post_blogurl_without%3D%25ED%2586%25B5%25EC%2598%2581%2B%25EB%25A7%259B%25EC%25A7%2591-%25EC%259E%25A5%25EB%25A1%2580%25EC%258B%259D%25EC%259E%25A5%26query%3D%25ED%2586%25B5%25EC%2598%2581%2B%25EB%25A7%259B%25EC%25A7%2591%26sm%3Dtab_pge%26srchby%3Dall%26st%3Dsim%26where%3Dpost%26start%3D41&directAccess=True>,코로나 매출 급감의 통영개인회생
